{
  "generator-jhipster": {
    "applicationType": "monolith",
    "authenticationType": "jwt",
    "baseName": "jhipsterSampleApplication",
    "blueprints": [],
    "buildTool": "maven",
    "cacheProvider": "ehcache",
    "clientFramework": "angular",
    "clientPackageManager": "npm",
    "creationTimestamp": 1739259162353,
    "databaseType": "sql",
    "devDatabaseType": "mssql",
    "enableHibernateCache": true,
    "enableSwaggerCodegen": false,
    "enableTranslation": true,
    "entities": [],
    "gitCompany": "",
    "iaCTools": ["bicep", "terraform"],
    "jhiPrefix": "jhi",
    "jhipsterVersion": "8.9.0",
    "jwtSecretKey": "NjYzMDdhMjU3ZGE1NjNiZjFiODRkMTY4YTA3YjFmZDgzNmYwMzM0ZGY2MWE3ZWMyYjRjYTNhYzYxZDQzNTM5NTAxNzc4ZjEzYzY1NmRiOGIyMTA3OTNjNTZhZGYzNDZkNDY2ZWQzOWM1Y2U3OTc0ZmE4MzI2MmQwNGZlNGZlZGU=",
    "languages": ["en", "ar-ly"],
    "messageBroker": false,
    "nativeLanguage": "en",
    "packageFolder": "com/mycompany/myapp",
    "packageName": "com.mycompany.myapp",
    "prodDatabaseType": "mssql",
    "searchEngine": false,
    "serverPort": 8080,
    "serviceDiscoveryType": false,
    "testFrameworks": [],
    "useSass": true,
    "websocket": false,
    "withAdminUi": true
  }
}
